URL,Model,Name
/hc/en-us/articles/8637948049165-0651-Der-Red-Max,0651,Der Red Max
/hc/en-us/articles/8638305857037-0804-Firehawk,0804,Firehawk
/hc/en-us/articles/8638383712397-0810-220-Swift,0810,220 Swift
/hc/en-us/articles/8638504706317-0816-Luna-Bug,0816,Luna Bug
/hc/en-us/articles/8638580644621-0865-Mini-Mean-Machine,0865,Mini Mean Machine
/hc/en-us/articles/8638568709261-0886-Gnome,0886,Gnome
/hc/en-us/articles/8638687992717-1207-Phantom,1207,Phantom
/hc/en-us/articles/8638766112525-1225-Alpha,1225,Alpha
/hc/en-us/articles/8639069467277-1250-Interceptor,1250,Interceptor
/hc/en-us/articles/8639073558541-1256-Alpha-III,1256,Alpha III
/hc/en-us/articles/8639154664333-1260-No-2-Estes-Sky-Writer,1260,No.2 Estes Sky Writer
/hc/en-us/articles/8639157966221-1261-Baby-Bertha,1261,Baby Bertha
/hc/en-us/articles/9018375343629-1295-Mean-Machine,1295,Mean Machine
/hc/en-us/articles/9019709674765-1329-Multi-Roc,1329,Multi-Roc
/hc/en-us/articles/8638206770445-1345-Mosquito,1345,Mosquito
/hc/en-us/articles/9023516223629-1921-Mercury-Redstone-4-Liberty-Bell-7,1921,Mercury Redstone 4/ Liberty Bell 7
/hc/en-us/articles/9019419083405-1946-Boosted-Bertha,1946,Boosted Bertha
/hc/en-us/articles/9017849169165-1948-Big-Bertha,1948,Big Bertha
/hc/en-us/articles/9018596803341-1949-Viking,1949,Viking
/hc/en-us/articles/9023922920205-1973-Saturn-V-Skylab,1973,Saturn V Skylab
/hc/en-us/articles/8774873660941-2008-Generic-E2X,2008,Generic E2X
/hc/en-us/articles/8776002542093-2021-Cadet,2021,Cadet
/hc/en-us/articles/9023985807629-2056-U-S-Army-Patriot-M-104,2056,U.S. Army Patriot M-104
/hc/en-us/articles/9019307219597-2092-Mongoose,2092,Mongoose
/hc/en-us/articles/9024306390029-2160-Saturn-V-1-200-Scale-Ready-To-Fly,2160,Saturn V (1:200 Scale) Ready To Fly
/hc/en-us/articles/9024410149005-2162-Big-Daddy,2162,Big Daddy
/hc/en-us/articles/8775807621005-2169-Dragonite,2169,Dragonite
/hc/en-us/articles/9023227670925-2198-Blue-Origin-New-Shephard-Ready-To-Fly,2198,Blue Origin New Shephard Ready To Fly
/hc/en-us/articles/9024182143245-2206-NASA-SLS,2206,NASA SLS
/hc/en-us/articles/8775502484493-2435-3-Bandits,2435,3 Bandits
/hc/en-us/articles/9024096502541-2446-Mini-Honest-John,2446,Mini Honest John
/hc/en-us/articles/8774730380173-2452-Athena,2452,Athena
/hc/en-us/articles/8775633619469-2483-Phantom-Blue,2483,Phantom Blue
/hc/en-us/articles/9024544805901-3226-Hi-Flier-XL,3226,Hi-Flier XL
/hc/en-us/articles/9023615713037-7000-Bull-Pup-12D,7000,Bull Pup 12D
/hc/en-us/articles/9017756951309-7220-Crossfire-ISX,7220,Crossfire ISX
/hc/en-us/articles/9023714938125-7243-Black-Brant-II,7243,Black Brant II
/hc/en-us/articles/9019508145165-7245-Comanche-3,7245,Comanche-3
/hc/en-us/articles/9021688937997-7249-Expedition,7249,Expedition
/hc/en-us/articles/9023825214477-7251-Saturn-1B,7251,Saturn 1B
/hc/en-us/articles/9021427720077-7253-Explorer-Aquarius,7253,Explorer Aquarius
/hc/en-us/articles/9018741097613-7259-Nike-X,7259,Nike-X
/hc/en-us/articles/9017657401357-7263-Hex-3,7263,Hex-3
/hc/en-us/articles/9018814951437-7266-Red-Nova,7266,Red Nova
/hc/en-us/articles/9024578528781-7271-SA-2061-Sasha,7271,SA-2061 Sasha
/hc/en-us/articles/9019816056205-7276-Checkmate,7276,Checkmate
/hc/en-us/articles/9020046353549-7279-Double-Ringer,7279,Double Ringer
/hc/en-us/articles/9020576666381-7280-Gryphon,7280,Gryphon
/hc/en-us/articles/9023040221965-7281-Space-Corps-Corvette-Class,7281,Space Corps Corvette Class
/hc/en-us/articles/9020118735885-7282-Tazz,7282,Tazz
/hc/en-us/articles/9022211852557-7283-Destination-Mars-Mav,7283,Destination Mars Mav
/hc/en-us/articles/9021364646285-7284-Starship-Octavius,7284,Starship Octavius
/hc/en-us/articles/9021298030861-7285-LEO-Space-Train,7285,LEO Space Train
/hc/en-us/articles/9018532104333-7287-Sidekick,7287,Sidekick
/hc/en-us/articles/9019916829965-7288-Solo,7288,Solo
/hc/en-us/articles/9023086531597-7290-Space-Corps-Lunar-Scout,7290,Space Corps Lunar Scout
/hc/en-us/articles/9022954962061-7291-Space-Corps-Centurion,7291,Space Corps Centurion
/hc/en-us/articles/8775688975373-7292-Terra-GLM,7292,Terra GLM
/hc/en-us/articles/9018413659917-7295-Low-Boom-SST,7295,Low-Boom SST
/hc/en-us/articles/9020939104909-7295-Orange-Bullet,7295,Orange Bullet
/hc/en-us/articles/9022096095117-7296-Destination-Mars-Longship-,7296,Destination Mars Longship
/hc/en-us/articles/9021771327117-7297-Destination-Mars-Leaper,7297,Destination Mars Leaper
/hc/en-us/articles/9019207120909-7300-Ghost-Chaser,7300,Ghost Chaser
/hc/en-us/articles/9018986544909-7301-Green-Eggs,7301,Green Eggs
/hc/en-us/articles/8775257196941-7303-Star-Hopper,7303,Star Hopper
/hc/en-us/articles/9022800361101-7307-Space-Corps-DARC-1,7307,Space Corps DARC-1
/hc/en-us/articles/9017253121805-7308-Astrocam,7308,Astrocam
/hc/en-us/articles/9021176159757-7309-Super-Mars-Snooper,7309,Super Mars Snooper
/hc/en-us/articles/9021024745229-7310-Antar,7310,Antar
/hc/en-us/articles/9022372151181-7312-Space-Corps-Vesta-Intruder,7312,Space Corps Vesta Intruder
/hc/en-us/articles/9021579568781-7314-Super-Orbital-Transport,7314,Super Orbital Transport
/hc/en-us/articles/9023441591181-7315-Blue-Origin-New-Shepard-Builders-Kit-,7315,Blue Origin New Shepard (Builders Kit)
/hc/en-us/articles/9024936795789-9707-Pro-Series-II-E2X-Majestic,9707,Pro Series II E2X Majestic
/hc/en-us/articles/9024982041357-9716-Pro-Series-II-Star-Orbiter,9716,Pro Series II Star Orbiter
/hc/en-us/articles/9024837783821-9719-Pro-Series-II-Super-Big-Bertha,9719,Pro Series II Super Big Bertha
/hc/en-us/articles/9024714073869-9720-Pro-Series-II-Doorknob,9720,Pro Series II Doorknob
/hc/en-us/articles/9025058908045-9721-Der-Big-Red-Max,9721,Der Big Red Max
