URL,Model,Name
/hc/en-us/articles/8638146112653-0652-Citation-Patriot,0652,Citation Patriot
/hc/en-us/articles/8638041388941-0657-Bomarc,0657,Bomarc
/hc/en-us/articles/8638151956749-0661-ESAM-58,0661,ESAM-58
/hc/en-us/articles/8638166518157-0701-Starter-Outfit,0701,Starter Outfit
/hc/en-us/articles/8638261634445-0802-Quark,0802,Quark
/hc/en-us/articles/8638265892749-0803-Bandito,0803,Bandito
/hc/en-us/articles/8638379051789-0807-Lucky-Seven,0807,Lucky Seven
/hc/en-us/articles/8638422373261-0811-Tigress,0811,Tigress
/hc/en-us/articles/8638464644365-0814-Long-Ranger,0814,Long Ranger
/hc/en-us/articles/8638625097997-1100-Pulsar,1100,Pulsar
/hc/en-us/articles/8638613096077-1202-Mini-Meanie,1202,Mini Meanie
/hc/en-us/articles/8638684056589-1203-Freaky-Flyer,1203,Freaky Flyer
/hc/en-us/articles/8638725245453-1214-Drifter,1214,Drifter
/hc/en-us/articles/8638728819981-1220-Mars-Snooper,1220,Mars Snooper
/hc/en-us/articles/8638772929933-1235-Skywriter,1235,Skywriter
/hc/en-us/articles/8638827723789-1236-X-Flyer,1236,X Flyer
/hc/en-us/articles/8638883432333-1238-Avenger,1238,Avenger
/hc/en-us/articles/8638891494925-1247-Cherokee-D,1247,Cherokee-D
/hc/en-us/articles/8639095885197-1258-Astron-Alpha-IV,1258,Astron Alpha IV
/hc/en-us/articles/8639099657741-1259-Orbital-Transport,1259,Orbital Transport
/hc/en-us/articles/8639517705101-1262-Cosmic-Cobra,1262,Cosmic Cobra
/hc/en-us/articles/8639572412813-1263-Sky-Twister,1263,Sky Twister
/hc/en-us/articles/8639559310605-1265-Scissor-Wing-Transport,1265,Scissor Wing Transport
/hc/en-us/articles/8639612204301-1267-V2-Semi-Scale,1267,V2 Semi-Scale
/hc/en-us/articles/8639582408205-1271-Renegade,1271,Renegade
/hc/en-us/articles/8639585647117-1273-USS-Andromeda,1273,USS Andromeda
/hc/en-us/articles/8639655331725-1274-Klingon-Battle-Cruiser,1274,Klingon Battle Cruiser
/hc/en-us/articles/8638325173261-1794-Firestreak-SST,1794,Firestreak SST
/hc/en-us/articles/8775904648077-2492-Spirit,2492,Spirit
/hc/en-us/articles/8775431996173-2495-Chiller,2495,Chiller
/hc/en-us/articles/9020232245645-7241-Quinstar,7241,Quinstar
/hc/en-us/articles/9019026106253-7248-Supernova,7248,Supernova
/hc/en-us/articles/9019599762957-7250-Twin-Factor,7250,Twin Factor
/hc/en-us/articles/9023791705613-7255-Little-Joe-I,7255,Little Joe I
/hc/en-us/articles/9018657927693-7257-Airborne-Surveillance-Missile,7257,Airborne Surveillance Missile
/hc/en-us/articles/9021201182093-7260-Protostar,7260,Protostar
/hc/en-us/articles/9019156943501-7265-Space-Crater,7265,Space Crater
/hc/en-us/articles/14932625559693-9986-Blue-Sapphire-,9986,Blue Sapphire
